--Tabla Genero
INSERT INTO TBL_GENERO (CODIGO_GENERO, TIPO_GENERO) VALUES (1,'FEMENINO');
INSERT INTO TBL_GENERO (CODIGO_GENERO, TIPO_GENERO) VALUES (2,'MASCULINO');

--Tabla Estado_Reservacion
INSERT INTO TBL_ESTADO_RESERVACION (CODIGO_ESTADO_RESERVACION, ESTADO_RESERVACION) VALUES (1,'ACTIVA');
INSERT INTO TBL_ESTADO_RESERVACION (CODIGO_ESTADO_RESERVACION, ESTADO_RESERVACION) VALUES (2,'CANCELADA');

--Tabla Pais
INSERT INTO TBL_PAIS (CODIGO_PAIS, NOMBRE_PAIS) VALUES (SECUENCIA_PAIS.NEXTVAL,'HONDURAS');
INSERT INTO TBL_PAIS (CODIGO_PAIS, NOMBRE_PAIS) VALUES (SECUENCIA_PAIS.NEXTVAL,'COSTA RICA');
INSERT INTO TBL_PAIS (CODIGO_PAIS, NOMBRE_PAIS) VALUES (SECUENCIA_PAIS.NEXTVAL,'CUBA');
INSERT INTO TBL_PAIS (CODIGO_PAIS, NOMBRE_PAIS) VALUES (SECUENCIA_PAIS.NEXTVAL,'JAMAICA');
INSERT INTO TBL_PAIS (CODIGO_PAIS, NOMBRE_PAIS) VALUES (SECUENCIA_PAIS.NEXTVAL,'CANADA');
INSERT INTO TBL_PAIS (CODIGO_PAIS, NOMBRE_PAIS) VALUES (SECUENCIA_PAIS.NEXTVAL,'ESTADOS UNIDOS');
INSERT INTO TBL_PAIS (CODIGO_PAIS, NOMBRE_PAIS) VALUES (SECUENCIA_PAIS.NEXTVAL,'MEXICO');
INSERT INTO TBL_PAIS (CODIGO_PAIS, NOMBRE_PAIS) VALUES (SECUENCIA_PAIS.NEXTVAL,'COLOMBIA');
INSERT INTO TBL_PAIS (CODIGO_PAIS, NOMBRE_PAIS) VALUES (SECUENCIA_PAIS.NEXTVAL,'BRASIL');
INSERT INTO TBL_PAIS (CODIGO_PAIS, NOMBRE_PAIS) VALUES (SECUENCIA_PAIS.NEXTVAL,'ARGENTINA');
INSERT INTO TBL_PAIS (CODIGO_PAIS, NOMBRE_PAIS) VALUES (SECUENCIA_PAIS.NEXTVAL,'FRANCIA');
INSERT INTO TBL_PAIS (CODIGO_PAIS, NOMBRE_PAIS) VALUES (SECUENCIA_PAIS.NEXTVAL,'ESPAÑA');
INSERT INTO TBL_PAIS (CODIGO_PAIS, NOMBRE_PAIS) VALUES (SECUENCIA_PAIS.NEXTVAL,'REINO UNIDO');
INSERT INTO TBL_PAIS (CODIGO_PAIS, NOMBRE_PAIS) VALUES (SECUENCIA_PAIS.NEXTVAL,'ALEMANIA');
INSERT INTO TBL_PAIS (CODIGO_PAIS, NOMBRE_PAIS) VALUES (SECUENCIA_PAIS.NEXTVAL,'ITALIA');
INSERT INTO TBL_PAIS (CODIGO_PAIS, NOMBRE_PAIS) VALUES (SECUENCIA_PAIS.NEXTVAL,'RUSIA');
INSERT INTO TBL_PAIS (CODIGO_PAIS, NOMBRE_PAIS) VALUES (SECUENCIA_PAIS.NEXTVAL,'EGIPTO');
INSERT INTO TBL_PAIS (CODIGO_PAIS, NOMBRE_PAIS) VALUES (SECUENCIA_PAIS.NEXTVAL,'SUDAFRICA');
INSERT INTO TBL_PAIS (CODIGO_PAIS, NOMBRE_PAIS) VALUES (SECUENCIA_PAIS.NEXTVAL,'CHINA');
INSERT INTO TBL_PAIS (CODIGO_PAIS, NOMBRE_PAIS) VALUES (SECUENCIA_PAIS.NEXTVAL,'QATAR');
INSERT INTO TBL_PAIS (CODIGO_PAIS, NOMBRE_PAIS) VALUES (SECUENCIA_PAIS.NEXTVAL,'JAPON');
INSERT INTO TBL_PAIS (CODIGO_PAIS, NOMBRE_PAIS) VALUES (SECUENCIA_PAIS.NEXTVAL,'AUSTRALIA');
INSERT INTO TBL_PAIS (CODIGO_PAIS, NOMBRE_PAIS) VALUES (SECUENCIA_PAIS.NEXTVAL,'NUEVA ZELANDA');

--Tabla Ciudad
INSERT INTO TBL_CIUDAD (CODIGO_CIUDAD,NOMBRE_CIUDAD,CODIGO_PAIS) VALUES (1,'TEGUCIGALPA',1);
INSERT INTO TBL_CIUDAD (CODIGO_CIUDAD,NOMBRE_CIUDAD,CODIGO_PAIS) VALUES (2,'SAN PEDRO SULA',1);
INSERT INTO TBL_CIUDAD (CODIGO_CIUDAD,NOMBRE_CIUDAD,CODIGO_PAIS) VALUES (3,'SAN JOSE',2);
INSERT INTO TBL_CIUDAD (CODIGO_CIUDAD,NOMBRE_CIUDAD,CODIGO_PAIS) VALUES (4,'LA HABANA',3);
INSERT INTO TBL_CIUDAD (CODIGO_CIUDAD,NOMBRE_CIUDAD,CODIGO_PAIS) VALUES (5,'KINGSTON',4);
INSERT INTO TBL_CIUDAD (CODIGO_CIUDAD,NOMBRE_CIUDAD,CODIGO_PAIS) VALUES (6,'VANCOUVER',5);
INSERT INTO TBL_CIUDAD (CODIGO_CIUDAD,NOMBRE_CIUDAD,CODIGO_PAIS) VALUES (7,'TORONTO',5);
INSERT INTO TBL_CIUDAD (CODIGO_CIUDAD,NOMBRE_CIUDAD,CODIGO_PAIS) VALUES (8,'NEW YORK',6);
INSERT INTO TBL_CIUDAD (CODIGO_CIUDAD,NOMBRE_CIUDAD,CODIGO_PAIS) VALUES (9,'MIAMI',6);
INSERT INTO TBL_CIUDAD (CODIGO_CIUDAD,NOMBRE_CIUDAD,CODIGO_PAIS) VALUES (10,'CHICAGO',6);
INSERT INTO TBL_CIUDAD (CODIGO_CIUDAD,NOMBRE_CIUDAD,CODIGO_PAIS) VALUES (11,'LOS ANGELES',6);
INSERT INTO TBL_CIUDAD (CODIGO_CIUDAD,NOMBRE_CIUDAD,CODIGO_PAIS) VALUES (12,'SAN FRANCISCO',6);
INSERT INTO TBL_CIUDAD (CODIGO_CIUDAD,NOMBRE_CIUDAD,CODIGO_PAIS) VALUES (13,'DISTRITO FEDERAL',7);
INSERT INTO TBL_CIUDAD (CODIGO_CIUDAD,NOMBRE_CIUDAD,CODIGO_PAIS) VALUES (14,'GUADALAJARA',7);
INSERT INTO TBL_CIUDAD (CODIGO_CIUDAD,NOMBRE_CIUDAD,CODIGO_PAIS) VALUES (15,'CANCUN',7);
INSERT INTO TBL_CIUDAD (CODIGO_CIUDAD,NOMBRE_CIUDAD,CODIGO_PAIS) VALUES (16,'BOGOTA',8);
INSERT INTO TBL_CIUDAD (CODIGO_CIUDAD,NOMBRE_CIUDAD,CODIGO_PAIS) VALUES (17,'MEDELLIN',8);
INSERT INTO TBL_CIUDAD (CODIGO_CIUDAD,NOMBRE_CIUDAD,CODIGO_PAIS) VALUES (18,'SAO PAULO',9);
INSERT INTO TBL_CIUDAD (CODIGO_CIUDAD,NOMBRE_CIUDAD,CODIGO_PAIS) VALUES (19,'RIO DE JANEIRO',9);
INSERT INTO TBL_CIUDAD (CODIGO_CIUDAD,NOMBRE_CIUDAD,CODIGO_PAIS) VALUES (20,'BUENOS AIRES',10);
INSERT INTO TBL_CIUDAD (CODIGO_CIUDAD,NOMBRE_CIUDAD,CODIGO_PAIS) VALUES (21,'MAR DE PLATA',10);
INSERT INTO TBL_CIUDAD (CODIGO_CIUDAD,NOMBRE_CIUDAD,CODIGO_PAIS) VALUES (22,'PARIS',11);
INSERT INTO TBL_CIUDAD (CODIGO_CIUDAD,NOMBRE_CIUDAD,CODIGO_PAIS) VALUES (23,'MARSELLA',11);
INSERT INTO TBL_CIUDAD (CODIGO_CIUDAD,NOMBRE_CIUDAD,CODIGO_PAIS) VALUES (24,'ESTRASBURGO',11);
INSERT INTO TBL_CIUDAD (CODIGO_CIUDAD,NOMBRE_CIUDAD,CODIGO_PAIS) VALUES (25,'MADRID',12);
INSERT INTO TBL_CIUDAD (CODIGO_CIUDAD,NOMBRE_CIUDAD,CODIGO_PAIS) VALUES (26,'BARCELONA',12);
INSERT INTO TBL_CIUDAD (CODIGO_CIUDAD,NOMBRE_CIUDAD,CODIGO_PAIS) VALUES (27,'LONDRES',13);
INSERT INTO TBL_CIUDAD (CODIGO_CIUDAD,NOMBRE_CIUDAD,CODIGO_PAIS) VALUES (28,'MANCHESTER',13);
INSERT INTO TBL_CIUDAD (CODIGO_CIUDAD,NOMBRE_CIUDAD,CODIGO_PAIS) VALUES (29,'LIVERPOOL',13);
INSERT INTO TBL_CIUDAD (CODIGO_CIUDAD,NOMBRE_CIUDAD,CODIGO_PAIS) VALUES (30,'BERLIN',14);
INSERT INTO TBL_CIUDAD (CODIGO_CIUDAD,NOMBRE_CIUDAD,CODIGO_PAIS) VALUES (31,'MUNICH',14);
INSERT INTO TBL_CIUDAD (CODIGO_CIUDAD,NOMBRE_CIUDAD,CODIGO_PAIS) VALUES (32,'ROMA',15);
INSERT INTO TBL_CIUDAD (CODIGO_CIUDAD,NOMBRE_CIUDAD,CODIGO_PAIS) VALUES (33,'MILAN',15);
INSERT INTO TBL_CIUDAD (CODIGO_CIUDAD,NOMBRE_CIUDAD,CODIGO_PAIS) VALUES (34,'GENOVA',15);
INSERT INTO TBL_CIUDAD (CODIGO_CIUDAD,NOMBRE_CIUDAD,CODIGO_PAIS) VALUES (35,'MOSCU',16);
INSERT INTO TBL_CIUDAD (CODIGO_CIUDAD,NOMBRE_CIUDAD,CODIGO_PAIS) VALUES (36,'SAN PETERSBURGO',16);
INSERT INTO TBL_CIUDAD (CODIGO_CIUDAD,NOMBRE_CIUDAD,CODIGO_PAIS) VALUES (37,'EL CAIRO',17);
INSERT INTO TBL_CIUDAD (CODIGO_CIUDAD,NOMBRE_CIUDAD,CODIGO_PAIS) VALUES (38,'JOHANNESBURGO',18);
INSERT INTO TBL_CIUDAD (CODIGO_CIUDAD,NOMBRE_CIUDAD,CODIGO_PAIS) VALUES (39,'PEKIN',19);
INSERT INTO TBL_CIUDAD (CODIGO_CIUDAD,NOMBRE_CIUDAD,CODIGO_PAIS) VALUES (40,'SHANGHAI',19);
INSERT INTO TBL_CIUDAD (CODIGO_CIUDAD,NOMBRE_CIUDAD,CODIGO_PAIS) VALUES (41,'DOHA',20);
INSERT INTO TBL_CIUDAD (CODIGO_CIUDAD,NOMBRE_CIUDAD,CODIGO_PAIS) VALUES (42,'TOKIO',21);
INSERT INTO TBL_CIUDAD (CODIGO_CIUDAD,NOMBRE_CIUDAD,CODIGO_PAIS) VALUES (43,'SHIBUYA',21);
INSERT INTO TBL_CIUDAD (CODIGO_CIUDAD,NOMBRE_CIUDAD,CODIGO_PAIS) VALUES (44,'SYDNEY',22);
INSERT INTO TBL_CIUDAD (CODIGO_CIUDAD,NOMBRE_CIUDAD,CODIGO_PAIS) VALUES (45,'AUCKLAND',23);

--Tabla Estadia
INSERT INTO TBL_ESTADIA (CODIGO_ESTADIA,TIEMPO_ESTADIA) VALUES (1,1);
INSERT INTO TBL_ESTADIA (CODIGO_ESTADIA,TIEMPO_ESTADIA) VALUES (2,3);
INSERT INTO TBL_ESTADIA (CODIGO_ESTADIA,TIEMPO_ESTADIA) VALUES (3,5);
INSERT INTO TBL_ESTADIA (CODIGO_ESTADIA,TIEMPO_ESTADIA) VALUES (4,7);
INSERT INTO TBL_ESTADIA (CODIGO_ESTADIA,TIEMPO_ESTADIA) VALUES (5,10);
INSERT INTO TBL_ESTADIA (CODIGO_ESTADIA,TIEMPO_ESTADIA) VALUES (6,15);
INSERT INTO TBL_ESTADIA (CODIGO_ESTADIA,TIEMPO_ESTADIA) VALUES (7,30);

--Tabla Servicios
INSERT INTO TBL_SERVICIOS (CODIGO_SERVICIO,SERVICIO) VALUES (1,'PISCINA');
INSERT INTO TBL_SERVICIOS (CODIGO_SERVICIO,SERVICIO) VALUES (2,'WI-FI');
INSERT INTO TBL_SERVICIOS (CODIGO_SERVICIO,SERVICIO) VALUES (3,'DESAYUNO');
INSERT INTO TBL_SERVICIOS (CODIGO_SERVICIO,SERVICIO) VALUES (4,'GIMNASIO');
INSERT INTO TBL_SERVICIOS (CODIGO_SERVICIO,SERVICIO) VALUES (5,'BAR');
INSERT INTO TBL_SERVICIOS (CODIGO_SERVICIO,SERVICIO) VALUES (6,'RESTAURANTE');
INSERT INTO TBL_SERVICIOS (CODIGO_SERVICIO,SERVICIO) VALUES (7,'LAVANDERIA');
INSERT INTO TBL_SERVICIOS (CODIGO_SERVICIO,SERVICIO) VALUES (8,'SERVICIO A LA HABITACION');
INSERT INTO TBL_SERVICIOS (CODIGO_SERVICIO,SERVICIO) VALUES (9,'SPA');
INSERT INTO TBL_SERVICIOS (CODIGO_SERVICIO,SERVICIO) VALUES (10,'SALA DE JUEGOS');
INSERT INTO TBL_SERVICIOS (CODIGO_SERVICIO,SERVICIO) VALUES (11,'CASINO');
INSERT INTO TBL_SERVICIOS (CODIGO_SERVICIO,SERVICIO) VALUES (12,'RENTA DE AUTO');
INSERT INTO TBL_SERVICIOS (CODIGO_SERVICIO,SERVICIO) VALUES (13,'TOURS');
INSERT INTO TBL_SERVICIOS (CODIGO_SERVICIO,SERVICIO) VALUES (14,'TV-SATELITAL');
INSERT INTO TBL_SERVICIOS (CODIGO_SERVICIO,SERVICIO) VALUES (15,'AREA FUMADORES');

--Tabla Tipo_Habitacion
INSERT INTO TBL_TIPO_HABITACION (CODIGO_TIPO_HABITACION,TIPO_HABITACION,PRECIO_HABITACION) VALUES (1,'BASICA',25);
INSERT INTO TBL_TIPO_HABITACION (CODIGO_TIPO_HABITACION,TIPO_HABITACION,PRECIO_HABITACION) VALUES (2,'DELUXE',50);
INSERT INTO TBL_TIPO_HABITACION (CODIGO_TIPO_HABITACION,TIPO_HABITACION,PRECIO_HABITACION) VALUES (3,'SUITE',100);
INSERT INTO TBL_TIPO_HABITACION (CODIGO_TIPO_HABITACION,TIPO_HABITACION,PRECIO_HABITACION) VALUES (4,'SUITE HONNEYMOON',250);
INSERT INTO TBL_TIPO_HABITACION (CODIGO_TIPO_HABITACION,TIPO_HABITACION,PRECIO_HABITACION) VALUES (5,'SUITE PRESIDENCIAL',500);

--Tabla Capacidad_Habitacion
INSERT INTO TBL_CAPACIDAD_HABITACION (CODIGO_CAPACIDAD_HABITACION,CAPACIDAD) VALUES (1,'INDIVIDUAL');
INSERT INTO TBL_CAPACIDAD_HABITACION (CODIGO_CAPACIDAD_HABITACION,CAPACIDAD) VALUES (2,'DOBLE');
INSERT INTO TBL_CAPACIDAD_HABITACION (CODIGO_CAPACIDAD_HABITACION,CAPACIDAD) VALUES (3,'FAMILIAR');
INSERT INTO TBL_CAPACIDAD_HABITACION (CODIGO_CAPACIDAD_HABITACION,CAPACIDAD) VALUES (4,'MULTIPLE');

--Tabla Temporada
INSERT INTO TBL_TEMPORADA (CODIGO_TEMPORADA,TEMPORADA) VALUES (1,'ALTA');
INSERT INTO TBL_TEMPORADA (CODIGO_TEMPORADA,TEMPORADA) VALUES (2,'MEDIA');
INSERT INTO TBL_TEMPORADA (CODIGO_TEMPORADA,TEMPORADA) VALUES (3,'BAJA');


--Tabla Categoria
INSERT INTO TBL_CATEGORIA (CODIGO_CATEGORIA,CATEGORIA) VALUES (1,'UBICACION');
INSERT INTO TBL_CATEGORIA (CODIGO_CATEGORIA,CATEGORIA) VALUES (2,'HABITACION');
INSERT INTO TBL_CATEGORIA (CODIGO_CATEGORIA,CATEGORIA) VALUES (3,'ATENCION');
INSERT INTO TBL_CATEGORIA (CODIGO_CATEGORIA,CATEGORIA) VALUES (4,'LIMPIEZA');
INSERT INTO TBL_CATEGORIA (CODIGO_CATEGORIA,CATEGORIA) VALUES (5,'PRECIO');
INSERT INTO TBL_CATEGORIA (CODIGO_CATEGORIA,CATEGORIA) VALUES (6,'COMIDA');

--Tabla Hoteles
INSERT INTO TBL_HOTELES (CODIGO_HOTEL,CODIGO_CIUDAD,NOMBRE_HOTEL,DIRECCION,ESTRELLAS) VALUES (1,1,'HOTEL MARRIOTT','CERCA DE MULTIPLAZA',3);
INSERT INTO TBL_HOTELES (CODIGO_HOTEL,CODIGO_CIUDAD,NOMBRE_HOTEL,DIRECCION,ESTRELLAS) VALUES (2,1,'HOTEL CLARION','CERCA DE MULTIPLAZA',3);
INSERT INTO TBL_HOTELES (CODIGO_HOTEL,CODIGO_CIUDAD,NOMBRE_HOTEL,DIRECCION,ESTRELLAS) VALUES (3,2,'SULA HOTEL','CERCA DE MULTIPLAZA',3);
INSERT INTO TBL_HOTELES (CODIGO_HOTEL,CODIGO_CIUDAD,NOMBRE_HOTEL,DIRECCION,ESTRELLAS) VALUES (4,3,'HOTEL DE SAN JOSE','Ctra. de Fuentenueva, 94
28194 Robledillo de la Jara',3);
INSERT INTO TBL_HOTELES (CODIGO_HOTEL,CODIGO_CIUDAD,NOMBRE_HOTEL,DIRECCION,ESTRELLAS) VALUES (5,4,'HOTEL INTERNACIONAL','113 Bates Road
Westmere
Wanganui 4501',3);
INSERT INTO TBL_HOTELES (CODIGO_HOTEL,CODIGO_CIUDAD,NOMBRE_HOTEL,DIRECCION,ESTRELLAS) VALUES (6,5,'KINGSTON NATIONAL HOTEL','54 Holgate Rd
RAFFORD
IV36 2UY',2);
INSERT INTO TBL_HOTELES (CODIGO_HOTEL,CODIGO_CIUDAD,NOMBRE_HOTEL,DIRECCION,ESTRELLAS) VALUES (7,6,'VANCOUVER RESORT','115 Awaroa River Road
Woodhill
Whangarei 0110',4);
INSERT INTO TBL_HOTELES (CODIGO_HOTEL,CODIGO_CIUDAD,NOMBRE_HOTEL,DIRECCION,ESTRELLAS) VALUES (8,7,'HEAVEN OF TORONTO','52 Main Road
AUCHMACOY
AB41 9ZU',5);
INSERT INTO TBL_HOTELES (CODIGO_HOTEL,CODIGO_CIUDAD,NOMBRE_HOTEL,DIRECCION,ESTRELLAS) VALUES (9,8,'SPIRIT OF YORK','56 Glenurquhart Road
BALLAJORA
IM7 1GJ
', 5);
INSERT INTO TBL_HOTELES (CODIGO_HOTEL,CODIGO_CIUDAD,NOMBRE_HOTEL,DIRECCION,ESTRELLAS) VALUES (10,8,'SKY OF YORK','70 Stamford Road
ARCHIESTOWN
AB38 4UE',4);
INSERT INTO TBL_HOTELES (CODIGO_HOTEL,CODIGO_CIUDAD,NOMBRE_HOTEL,DIRECCION,ESTRELLAS) VALUES (11,9,'MIAMI BEACH HOTEL','86 Graham Road
CHELMORTON
SK17 9WL',4);
INSERT INTO TBL_HOTELES (CODIGO_HOTEL,CODIGO_CIUDAD,NOMBRE_HOTEL,DIRECCION,ESTRELLAS) VALUES (12,10,'CHICAGOS GALAXY','92 Crescent Avenue
DRUMOAK
AB31 7UP',4);
INSERT INTO TBL_HOTELES (CODIGO_HOTEL,CODIGO_CIUDAD,NOMBRE_HOTEL,DIRECCION,ESTRELLAS) VALUES (13,11,'THE GRAND HOTEL','10 Warner Close
HAUGH OF URR
DG7 1UE',5);
INSERT INTO TBL_HOTELES (CODIGO_HOTEL,CODIGO_CIUDAD,NOMBRE_HOTEL,DIRECCION,ESTRELLAS) VALUES (14,12,'SPIRIT OF SAN FRANCISCO','25 Tadcaster Rd
PICTON
CH2 3BS',4);
INSERT INTO TBL_HOTELES (CODIGO_HOTEL,CODIGO_CIUDAD,NOMBRE_HOTEL,DIRECCION,ESTRELLAS) VALUES (15,13,'DF INTERNACIONAL','Prolongacion San Sebastian, 85
21387 Cumbres de Enmedio',4);
INSERT INTO TBL_HOTELES (CODIGO_HOTEL,CODIGO_CIUDAD,NOMBRE_HOTEL,DIRECCION,ESTRELLAS) VALUES (16,14,'REAL GUADALAJARA','Atamaria, 90
36626 A Illa de Arousa',3);
INSERT INTO TBL_HOTELES (CODIGO_HOTEL,CODIGO_CIUDAD,NOMBRE_HOTEL,DIRECCION,ESTRELLAS) VALUES (17,15,'CANCUN RESORT','Calvo Sotelo, 60
47470 Carpio',3);
INSERT INTO TBL_HOTELES (CODIGO_HOTEL,CODIGO_CIUDAD,NOMBRE_HOTEL,DIRECCION,ESTRELLAS) VALUES (18,15,'CIELO DE CANCUN','C/ Pablo Iglesias, 18
26330 Briones',4);
INSERT INTO TBL_HOTELES (CODIGO_HOTEL,CODIGO_CIUDAD,NOMBRE_HOTEL,DIRECCION,ESTRELLAS) VALUES (19,16,'REAL BOGOTA','Piedras 6343
20001 La Barra',3);
INSERT INTO TBL_HOTELES (CODIGO_HOTEL,CODIGO_CIUDAD,NOMBRE_HOTEL,DIRECCION,ESTRELLAS) VALUES (20,17,'CL MEDELLIN','Ceibo 5860
75205 Cuchilla del Perdido',3);
INSERT INTO TBL_HOTELES (CODIGO_HOTEL,CODIGO_CIUDAD,NOMBRE_HOTEL,DIRECCION,ESTRELLAS) VALUES (21,18,'SAO PAULO BZ','Miguelete 4188
20200 Piriápolis',3);
INSERT INTO TBL_HOTELES (CODIGO_HOTEL,CODIGO_CIUDAD,NOMBRE_HOTEL,DIRECCION,ESTRELLAS) VALUES (22,19,'RIO','Ceibo 1315
70204 Cufré',3);
INSERT INTO TBL_HOTELES (CODIGO_HOTEL,CODIGO_CIUDAD,NOMBRE_HOTEL,DIRECCION,ESTRELLAS) VALUES (23,20,'GRUPO BA','Molle 3652
60017 Eucaliptus',3);
INSERT INTO TBL_HOTELES (CODIGO_HOTEL,CODIGO_CIUDAD,NOMBRE_HOTEL,DIRECCION,ESTRELLAS) VALUES (24,21,'HOTEL DE LA PLATA','Paso Rivero 4908
33000 Treinta y Tres',3);
INSERT INTO TBL_HOTELES (CODIGO_HOTEL,CODIGO_CIUDAD,NOMBRE_HOTEL,DIRECCION,ESTRELLAS) VALUES (25,22,'GRAND HOTEL LE PARIS','26, Rue de la Pompe
59700 MARCQ-EN-BAROEUL',5);
INSERT INTO TBL_HOTELES (CODIGO_HOTEL,CODIGO_CIUDAD,NOMBRE_HOTEL,DIRECCION,ESTRELLAS) VALUES (26,23,'CARLSON MARSELLE','71, rue Gontier-Patin
34300 AGDE',4);
INSERT INTO TBL_HOTELES (CODIGO_HOTEL,CODIGO_CIUDAD,NOMBRE_HOTEL,DIRECCION,ESTRELLAS) VALUES (27,24,'EG STRASBURG','46, Chemin des Bateliers
73100 AIX-LES-BAINS',4);
INSERT INTO TBL_HOTELES (CODIGO_HOTEL,CODIGO_CIUDAD,NOMBRE_HOTEL,DIRECCION,ESTRELLAS) VALUES (28,25,'WESTIN PALACE','C/ Señores Curas, 97
11691 Torre Alháquime',4);
INSERT INTO TBL_HOTELES (CODIGO_HOTEL,CODIGO_CIUDAD,NOMBRE_HOTEL,DIRECCION,ESTRELLAS) VALUES (29,26,'MERCER HOTEL','Socampo, 32
37656 Cepeda',5);
INSERT INTO TBL_HOTELES (CODIGO_HOTEL,CODIGO_CIUDAD,NOMBRE_HOTEL,DIRECCION,ESTRELLAS) VALUES (30,27,'BULGARI HOTEL','2 Bootham Crescent
RIPLEY
BH23 5QE',5);
INSERT INTO TBL_HOTELES (CODIGO_HOTEL,CODIGO_CIUDAD,NOMBRE_HOTEL,DIRECCION,ESTRELLAS) VALUES (31,28,'45 PARK LANE','76 St James Boulevard
HORTON CROSS
TA19 5EY',4);
INSERT INTO TBL_HOTELES (CODIGO_HOTEL,CODIGO_CIUDAD,NOMBRE_HOTEL,DIRECCION,ESTRELLAS) VALUES (32,29,'THE HALKIN','Albrechtstrasse 8
85008 Ingolstadt',4);
INSERT INTO TBL_HOTELES (CODIGO_HOTEL,CODIGO_CIUDAD,NOMBRE_HOTEL,DIRECCION,ESTRELLAS) VALUES (33,30,'ADLON KEMPINSKI','Luebeckertordamm 8
91241 Kirchensittenbach',5);
INSERT INTO TBL_HOTELES (CODIGO_HOTEL,CODIGO_CIUDAD,NOMBRE_HOTEL,DIRECCION,ESTRELLAS) VALUES (34,31,'ARENA OF HEAVEN','Lietzenburger Strasse 79
42499 Hückeswagen',5);
INSERT INTO TBL_HOTELES (CODIGO_HOTEL,CODIGO_CIUDAD,NOMBRE_HOTEL,DIRECCION,ESTRELLAS) VALUES (35,32,'WESTIN ROMA','Via Rosmini, 143
84083-Castel San Giorgio SA',5);
INSERT INTO TBL_HOTELES (CODIGO_HOTEL,CODIGO_CIUDAD,NOMBRE_HOTEL,DIRECCION,ESTRELLAS) VALUES (36,33,'MILANO AMORE','Via Nazionale, 2
39030-St. Kassian BZ',4);
INSERT INTO TBL_HOTELES (CODIGO_HOTEL,CODIGO_CIUDAD,NOMBRE_HOTEL,DIRECCION,ESTRELLAS) VALUES (37,34,'GRAND GENOVA X','Via del Viminale, 7
09040-Sant Andrea Frius CA',3);
INSERT INTO TBL_HOTELES (CODIGO_HOTEL,CODIGO_CIUDAD,NOMBRE_HOTEL,DIRECCION,ESTRELLAS) VALUES (38,35,'CSKA INTERNATIONAL','Brat?í ?apk? 1518
547 01 Náchod 1',4);
INSERT INTO TBL_HOTELES (CODIGO_HOTEL,CODIGO_CIUDAD,NOMBRE_HOTEL,DIRECCION,ESTRELLAS) VALUES (39,36,'GRAND ZENIT','V?trník 1619
549 34 Hronov 4',3);
INSERT INTO TBL_HOTELES (CODIGO_HOTEL,CODIGO_CIUDAD,NOMBRE_HOTEL,DIRECCION,ESTRELLAS) VALUES (40,37,'RAMSES HILTON','600 Rus St
Stellenbosch
7611',3);
INSERT INTO TBL_HOTELES (CODIGO_HOTEL,CODIGO_CIUDAD,NOMBRE_HOTEL,DIRECCION,ESTRELLAS) VALUES (41,38,'54 ON BATH','1832 Protea St
Port Elizabeth
6012',2);
INSERT INTO TBL_HOTELES (CODIGO_HOTEL,CODIGO_CIUDAD,NOMBRE_HOTEL,DIRECCION,ESTRELLAS) VALUES (42,39,'BANYAN TREE RINGHA','90 Rue Abdelkader
9120 EL OUAARA',3);
INSERT INTO TBL_HOTELES (CODIGO_HOTEL,CODIGO_CIUDAD,NOMBRE_HOTEL,DIRECCION,ESTRELLAS) VALUES (43,40,'PUDONG CENTURY PARK','37 Rue Pasteur
3220 CITE MOUZDELIFA',4);
INSERT INTO TBL_HOTELES (CODIGO_HOTEL,CODIGO_CIUDAD,NOMBRE_HOTEL,DIRECCION,ESTRELLAS) VALUES (44,41,'RAMADA ENCORE','Stationsstraat 359
6941 Izier',5);
INSERT INTO TBL_HOTELES (CODIGO_HOTEL,CODIGO_CIUDAD,NOMBRE_HOTEL,DIRECCION,ESTRELLAS) VALUES (45,42,'SAKURA HOTEL IKEBUKURO','Sushi Tanaka, Tokio, Yoyogi 4-3-1',5);
INSERT INTO TBL_HOTELES (CODIGO_HOTEL,CODIGO_CIUDAD,NOMBRE_HOTEL,DIRECCION,ESTRELLAS) VALUES (46,42,'SUNSHINE CITY PRINCE','5-8-10 Minami Azabu Minato-KuTokyo 106-0047',5);
INSERT INTO TBL_HOTELES (CODIGO_HOTEL,CODIGO_CIUDAD,NOMBRE_HOTEL,DIRECCION,ESTRELLAS) VALUES (47,43,'SHIBUYA GRANBELL HOTEL','8 - 6 - 9 Akasaka
Minato - Ku 107',4);
INSERT INTO TBL_HOTELES (CODIGO_HOTEL,CODIGO_CIUDAD,NOMBRE_HOTEL,DIRECCION,ESTRELLAS) VALUES (48,44,'IBIS BUDGET ST PETERS','86 Parkes Road
BROOKLYN VIC 3012',5);
INSERT INTO TBL_HOTELES (CODIGO_HOTEL,CODIGO_CIUDAD,NOMBRE_HOTEL,DIRECCION,ESTRELLAS) VALUES (49,45,'KIWI INTERNATIONAL HOTEL','38 Nerrigundah Drive
YARRAM VIC 3971',4);

--HOTELEROS
INSERT INTO TBL_HOTELERO (CODIGO_HOTELERO,CODIGO_HOTEL,NOMBRE,CODIGO_GENERO,APELLIDO,"CORREO ",CONTRASENA) values (1,1,'ROBERT',2,'PLANT','robplant@hotmail.com','123456');
INSERT INTO TBL_HOTELERO (CODIGO_HOTELERO,CODIGO_HOTEL,NOMBRE,CODIGO_GENERO,APELLIDO,"CORREO ",CONTRASENA) values (2,3,'FREDDIE',2,'MERCURY','freddimer@yahoo.com','abcdef');
INSERT INTO TBL_HOTELERO (CODIGO_HOTELERO,CODIGO_HOTEL,NOMBRE,CODIGO_GENERO,APELLIDO,"CORREO ",CONTRASENA) values (3,9,'ROGER',2,'WATERS','darksideofthemoon73@unah.hn','abc123');
INSERT INTO TBL_HOTELERO (CODIGO_HOTELERO,CODIGO_HOTEL,NOMBRE,CODIGO_GENERO,APELLIDO,"CORREO ",CONTRASENA) values (4,15,'JOAN',1,'JETT','missjett@gmail.com','asd465');
INSERT INTO TBL_HOTELERO (CODIGO_HOTELERO,CODIGO_HOTEL,NOMBRE,CODIGO_GENERO,APELLIDO,"CORREO ",CONTRASENA) values (5,38,'ARETHA',1,'FRANKLIN','afrank@hotmail.es','987zyx');
INSERT INTO TBL_HOTELERO (CODIGO_HOTELERO,CODIGO_HOTEL,NOMBRE,CODIGO_GENERO,APELLIDO,"CORREO ",CONTRASENA) values (6,42,'KEVIN',2,'PARKER','impala17@yahoo.es','link17');

--TBL_USUARIOS
INSERT INTO TBL_USUARIO (CODIGO_USUARIO,CODIGO_GENERO,CODIGO_CIUDAD,CODIGO_POSTAL,CODIGO_TIPO_USUARIO,NOMBRE,APELLIDO,CORREO_ELECTRONICO,CONTRASENIA,DIRECCION) values (1,2,1,'504',1,'LITO','SOLER','lito_soler@hotmail.com','asd.456','Col Kennedy 2da Entrada');
INSERT INTO TBL_USUARIO (CODIGO_USUARIO,CODIGO_GENERO,CODIGO_CIUDAD,CODIGO_POSTAL,CODIGO_TIPO_USUARIO,NOMBRE,APELLIDO,CORREO_ELECTRONICO,CONTRASENIA,DIRECCION) values (2,2,2,'504',1,'JUAN','MARTINEZ','juma85@yahoo.com','dsaha474','2 Avenida Col. Alameda, Boulevard Juan Pablo');
INSERT INTO TBL_USUARIO (CODIGO_USUARIO,CODIGO_GENERO,CODIGO_CIUDAD,CODIGO_POSTAL,CODIGO_TIPO_USUARIO,NOMBRE,APELLIDO,CORREO_ELECTRONICO,CONTRASENIA,DIRECCION) values (3,2,3,'201',1,'BRAYAN','RUIZ','bruiz@hotmail.es','774dw8f','Avenida San Jose 4792');
INSERT INTO TBL_USUARIO (CODIGO_USUARIO,CODIGO_GENERO,CODIGO_CIUDAD,CODIGO_POSTAL,CODIGO_TIPO_USUARIO,NOMBRE,APELLIDO,CORREO_ELECTRONICO,CONTRASENIA,DIRECCION) values (4,2,4,'219',1,'LUIS','JOHNSON','LjonshY@gmail.com','oonom9Ai','4727 Crosswind Drive
Owensboro, KY 42301');
INSERT INTO TBL_USUARIO (CODIGO_USUARIO,CODIGO_GENERO,CODIGO_CIUDAD,CODIGO_POSTAL,CODIGO_TIPO_USUARIO,NOMBRE,APELLIDO,CORREO_ELECTRONICO,CONTRASENIA,DIRECCION) values (5,2,5,'306',1,'BRYAN','STROHM','
BrianKStrohm@teleworm.us','487ZY','1078 Patton Lane
Garner, NC 27529');
INSERT INTO TBL_USUARIO (CODIGO_USUARIO,CODIGO_GENERO,CODIGO_CIUDAD,CODIGO_POSTAL,CODIGO_TIPO_USUARIO,NOMBRE,APELLIDO,CORREO_ELECTRONICO,CONTRASENIA,DIRECCION) values (6,2,6,'1640',1,'JAMES','CALDERA','JamesMCaldera@dayrep.com','j254f','4482 Pretty View Lane
Monte Rio, CA 95462');
INSERT INTO TBL_USUARIO (CODIGO_USUARIO,CODIGO_GENERO,CODIGO_CIUDAD,CODIGO_POSTAL,CODIGO_TIPO_USUARIO,NOMBRE,APELLIDO,CORREO_ELECTRONICO,CONTRASENIA,DIRECCION) values (7,2,8,'43628',1,'DAN','FOWLER','DanLFowler@teleworm.us','weTo0ugh8w','3215 Bond Street
Providence, RI 02903');
INSERT INTO TBL_USUARIO (CODIGO_USUARIO,CODIGO_GENERO,CODIGO_CIUDAD,CODIGO_POSTAL,CODIGO_TIPO_USUARIO,NOMBRE,APELLIDO,CORREO_ELECTRONICO,CONTRASENIA,DIRECCION) values (8,2,9,'43628',1,'AARON','GEIGER','AaronEGeiger@jourrapide.com','ueNeeL1moo','COLLOSPINOS :V');
INSERT INTO TBL_USUARIO (CODIGO_USUARIO,CODIGO_GENERO,CODIGO_CIUDAD,CODIGO_POSTAL,CODIGO_TIPO_USUARIO,NOMBRE,APELLIDO,CORREO_ELECTRONICO,CONTRASENIA,DIRECCION) values (9,2,10,'43628',1,'ROBERT','WALL','RobertHWall@teleworm.us','Ohtah6quee4','72 Holthouse Road
DUDLEY WEST SA 5222');
INSERT INTO TBL_USUARIO (CODIGO_USUARIO,CODIGO_GENERO,CODIGO_CIUDAD,CODIGO_POSTAL,CODIGO_TIPO_USUARIO,NOMBRE,APELLIDO,CORREO_ELECTRONICO,CONTRASENIA,DIRECCION) values (10,2,12,'43628',1,'HOWARD','TAYLOR','HowardMTaylor@teleworm.us','Keishah5','26 McPherson Road
MITTA MITTA VIC 3701');
INSERT INTO TBL_USUARIO (CODIGO_USUARIO,CODIGO_GENERO,CODIGO_CIUDAD,CODIGO_POSTAL,CODIGO_TIPO_USUARIO,NOMBRE,APELLIDO,CORREO_ELECTRONICO,CONTRASENIA,DIRECCION) values (11,2,15,'75203',1,'TIM','ANDERSON','timdrakand@tatsu.org','
baineiR5','dudlewest 754');
INSERT INTO TBL_USUARIO (CODIGO_USUARIO,CODIGO_GENERO,CODIGO_CIUDAD,CODIGO_POSTAL,CODIGO_TIPO_USUARIO,NOMBRE,APELLIDO,CORREO_ELECTRONICO,CONTRASENIA,DIRECCION) values (12,1,16,'19725',1,'KAINANE','PALOMO','
KaianeEchevarriaPalomo@jourrapide.com','OSahufs', 'La casa denia897');
INSERT INTO TBL_USUARIO (CODIGO_USUARIO,CODIGO_GENERO,CODIGO_CIUDAD,CODIGO_POSTAL,CODIGO_TIPO_USUARIO,NOMBRE,APELLIDO,CORREO_ELECTRONICO,CONTRASENIA,DIRECCION) values (13,1,18,'5525',1,'ALESSIA','ROBLEDO','AlessiaMaestasRobledo@jourrapide.com','
Zie3pei3ie','Av. Zumalakarregi, 43
03158 Catral');
INSERT INTO TBL_USUARIO (CODIGO_USUARIO,CODIGO_GENERO,CODIGO_CIUDAD,CODIGO_POSTAL,CODIGO_TIPO_USUARIO,NOMBRE,APELLIDO,CORREO_ELECTRONICO,CONTRASENIA,DIRECCION) values (14,1,20,'20260',1,'HADA','HERRERA','HadaTelloHerrera@rhyta.com','hoh9yauKee','Plazuela do Porto, 40
38390 Santa Úrsula');
INSERT INTO TBL_USUARIO (CODIGO_USUARIO,CODIGO_GENERO,CODIGO_CIUDAD,CODIGO_POSTAL,CODIGO_TIPO_USUARIO,NOMBRE,APELLIDO,CORREO_ELECTRONICO,CONTRASENIA,DIRECCION) values (15,2,22,'51131',1,'RENE','HERNANDEZ','rene_hernandez@hotmail.com','oracle123','97, rue Clement Marot
66100 PERPIGNAN');
INSERT INTO TBL_USUARIO (CODIGO_USUARIO,CODIGO_GENERO,CODIGO_CIUDAD,CODIGO_POSTAL,CODIGO_TIPO_USUARIO,NOMBRE,APELLIDO,CORREO_ELECTRONICO,CONTRASENIA,DIRECCION) values (16,1,23,'51131',1,'MARIQUENA','GAYTAN','MariquenaGaytanMatos@jourrapide.com','Diedah7ieV','Puerta Nueva, 23
36390 Oia');
INSERT INTO TBL_USUARIO (CODIGO_USUARIO,CODIGO_GENERO,CODIGO_CIUDAD,CODIGO_POSTAL,CODIGO_TIPO_USUARIO,NOMBRE,APELLIDO,CORREO_ELECTRONICO,CONTRASENIA,DIRECCION) values (17,1,27,'27442',1,'AVELINA','SARABIA','AvelinaMiramontesSarabia@rhyta.com
','eiy8oeY9iep','50 Grey Street
KENTS BANK
LA11 4SN');
INSERT INTO TBL_USUARIO (CODIGO_USUARIO,CODIGO_GENERO,CODIGO_CIUDAD,CODIGO_POSTAL,CODIGO_TIPO_USUARIO,NOMBRE,APELLIDO,CORREO_ELECTRONICO,CONTRASENIA,DIRECCION) values (18,1,27,'27442',1,'GALA','LERMA','GalaNoriegaLerma@armyspy.com
','Cahyeit6','54 Leicester Road
AULTBEA
IV22 9ZZ');
INSERT INTO TBL_USUARIO (CODIGO_USUARIO,CODIGO_GENERO,CODIGO_CIUDAD,CODIGO_POSTAL,CODIGO_TIPO_USUARIO,NOMBRE,APELLIDO,CORREO_ELECTRONICO,CONTRASENIA,DIRECCION) values (19,1,28,'27442',1,'PIRRA','SMITH','PirraCalderonTrevino@teleworm.us
','gais7zaiN1Ee','18 Nith Street
GLAN-LLYNFI
CF34 9EX');
INSERT INTO TBL_USUARIO (CODIGO_USUARIO,CODIGO_GENERO,CODIGO_CIUDAD,CODIGO_POSTAL,CODIGO_TIPO_USUARIO,NOMBRE,APELLIDO,CORREO_ELECTRONICO,CONTRASENIA,DIRECCION) values (20,1,31,'16481',1,'CANDIDA','TRENTINI','
CandidaTrentini@dayrep.com','eeC4neecaeth','Via Valpantena, 96
45030-Santa Maria Maddalena RO');
INSERT INTO TBL_USUARIO (CODIGO_USUARIO,CODIGO_GENERO,CODIGO_CIUDAD,CODIGO_POSTAL,CODIGO_TIPO_USUARIO,NOMBRE,APELLIDO,CORREO_ELECTRONICO,CONTRASENIA,DIRECCION) values (21,1,32,'17981',1,'CLORINDA','FERRARI','ClorindaFerrari@teleworm.us
','oo9evahGaij','Vicolo Cieco Fondachetto, 63
84090-Montecorvino SA');
INSERT INTO TBL_USUARIO (CODIGO_USUARIO,CODIGO_GENERO,CODIGO_CIUDAD,CODIGO_POSTAL,CODIGO_TIPO_USUARIO,NOMBRE,APELLIDO,CORREO_ELECTRONICO,CONTRASENIA,DIRECCION) values (22,1,36,'43538',1,'SUSSANA','CALABRESE','SusannaCalabrese@rhyta.com','iekeiPh5da3','Nové M?sto 418
584 01 Ledec nad Sázavou');
INSERT INTO TBL_USUARIO (CODIGO_USUARIO,CODIGO_GENERO,CODIGO_CIUDAD,CODIGO_POSTAL,CODIGO_TIPO_USUARIO,NOMBRE,APELLIDO,CORREO_ELECTRONICO,CONTRASENIA,DIRECCION) values (23,1,39,'33347',1,'YU','HSU','
YuJieHsu@teleworm.us','eimahc7Ze','24 Rue tachkent
3120 CITE BOU ASSIDA');
INSERT INTO TBL_USUARIO (CODIGO_USUARIO,CODIGO_GENERO,CODIGO_CIUDAD,CODIGO_POSTAL,CODIGO_TIPO_USUARIO,NOMBRE,APELLIDO,CORREO_ELECTRONICO,CONTRASENIA,DIRECCION) values (24,2,40,'33347',1,'HUI','LIANG','HuiLiang@armyspy.com','iel3Cha8','59 Rue Béji Masoudi
1005 CITE CENTRALE');
INSERT INTO TBL_USUARIO (CODIGO_USUARIO,CODIGO_GENERO,CODIGO_CIUDAD,CODIGO_POSTAL,CODIGO_TIPO_USUARIO,NOMBRE,APELLIDO,CORREO_ELECTRONICO,CONTRASENIA,DIRECCION) values (25,2,42,'94388',1,'HARUKI','MIWA','
HarukiMiwa@dayrep.com','rae8aib2eGh','83 Rue de Halo Eloued
7160 AIN KSIBA');
INSERT INTO TBL_USUARIO (CODIGO_USUARIO,CODIGO_GENERO,CODIGO_CIUDAD,CODIGO_POSTAL,CODIGO_TIPO_USUARIO,NOMBRE,APELLIDO,CORREO_ELECTRONICO,CONTRASENIA,DIRECCION) values (26,1,42,'94388',1,'SAEMI','KAWASHIMA','
SaemiKawashima@armyspy.com','io6xohv0eeJ','99 Rue Cartajanna
9123 HOUCH BEN NECIB');
INSERT INTO TBL_USUARIO (CODIGO_USUARIO,CODIGO_GENERO,CODIGO_CIUDAD,CODIGO_POSTAL,CODIGO_TIPO_USUARIO,NOMBRE,APELLIDO,CORREO_ELECTRONICO,CONTRASENIA,DIRECCION) values (27,1,43,'94388',1,'KATSUKI','KATAYAMA','
KatsukiKatayama@armyspy.com','phav2Iengae','127 Rue Galboun Ibn Al Hassen
7100 CITE EL FARAH');
INSERT INTO TBL_USUARIO (CODIGO_USUARIO,CODIGO_GENERO,CODIGO_CIUDAD,CODIGO_POSTAL,CODIGO_TIPO_USUARIO,NOMBRE,APELLIDO,CORREO_ELECTRONICO,CONTRASENIA,DIRECCION) values (28,1,44,'16875',1,'DAKOTA','WEEDON','
DakotaWeedon@teleworm.us','mex4uSum9','207 Tasman View Road
Dobson
Greymouth 7805');
INSERT INTO TBL_USUARIO (CODIGO_USUARIO,CODIGO_GENERO,CODIGO_CIUDAD,CODIGO_POSTAL,CODIGO_TIPO_USUARIO,NOMBRE,APELLIDO,CORREO_ELECTRONICO,CONTRASENIA,DIRECCION) values (29,2,44,'16875',1,'HUGO','TJANGAMARRA','HugoTjangamarra@jourrapide.com','waec0Oanee','18 Taha Road
Te Atatu Peninsula
Waitakere 0610');
INSERT INTO TBL_USUARIO (CODIGO_USUARIO,CODIGO_GENERO,CODIGO_CIUDAD,CODIGO_POSTAL,CODIGO_TIPO_USUARIO,NOMBRE,APELLIDO,CORREO_ELECTRONICO,CONTRASENIA,DIRECCION) values (30,1,45,'1737',1,'ANGELINA','GOWARD','AngelinaGoward@armyspy.com','Chael3tiawah','159 Mill Road
Kensington
Whangarei 0112
');

--TBL_ESTADIAxHOTEL
INSERT INTO TBL_ESTADIA_X_HOTEL (CODIGO_ESTADIA,CODIGO_HOTEL) VALUES (1,1);
INSERT INTO TBL_ESTADIA_X_HOTEL (CODIGO_ESTADIA,CODIGO_HOTEL) VALUES (2,10);
INSERT INTO TBL_ESTADIA_X_HOTEL (CODIGO_ESTADIA,CODIGO_HOTEL) VALUES (3,20);
INSERT INTO TBL_ESTADIA_X_HOTEL (CODIGO_ESTADIA,CODIGO_HOTEL) VALUES (1,35);
INSERT INTO TBL_ESTADIA_X_HOTEL (CODIGO_ESTADIA,CODIGO_HOTEL) VALUES (4,39);
INSERT INTO TBL_ESTADIA_X_HOTEL (CODIGO_ESTADIA,CODIGO_HOTEL) VALUES (5,44);

--TBL_"SERVICIOSporHOTEL"
INSERT INTO "TBL_SERVICIOS_POR _HOTEL" (CODIGO_SERVICIO,CODIGO_HOTEL) VALUES (1,1);
INSERT INTO "TBL_SERVICIOS_POR _HOTEL" (CODIGO_SERVICIO,CODIGO_HOTEL) VALUES (1,4);
INSERT INTO "TBL_SERVICIOS_POR _HOTEL" (CODIGO_SERVICIO,CODIGO_HOTEL) VALUES (2,5);
INSERT INTO "TBL_SERVICIOS_POR _HOTEL" (CODIGO_SERVICIO,CODIGO_HOTEL) VALUES (5,16);
INSERT INTO "TBL_SERVICIOS_POR _HOTEL" (CODIGO_SERVICIO,CODIGO_HOTEL) VALUES (8,17);
INSERT INTO "TBL_SERVICIOS_POR _HOTEL" (CODIGO_SERVICIO,CODIGO_HOTEL) VALUES (13,21);
INSERT INTO "TBL_SERVICIOS_POR _HOTEL" (CODIGO_SERVICIO,CODIGO_HOTEL) VALUES (3,31);
INSERT INTO "TBL_SERVICIOS_POR _HOTEL" (CODIGO_SERVICIO,CODIGO_HOTEL) VALUES (9,41);
INSERT INTO "TBL_SERVICIOS_POR _HOTEL" (CODIGO_SERVICIO,CODIGO_HOTEL) VALUES (4,43);
INSERT INTO "TBL_SERVICIOS_POR _HOTEL" (CODIGO_SERVICIO,CODIGO_HOTEL) VALUES (6,45);

--TBL HISTORIAL
INSERT INTO TBL_HISTORIAL_BUSQUEDA (CODIGO_HOTEL,CODIGO_CIUDAD,CODIGO_USUARIO,FECHA,ID_BUSQUEDA) values (2,null,3,to_date('08-NOV-17','DD-MON-RR'),1);
INSERT INTO TBL_HISTORIAL_BUSQUEDA (CODIGO_HOTEL,CODIGO_CIUDAD,CODIGO_USUARIO,FECHA,ID_BUSQUEDA) values (4,null,5,to_date('08-NOV-17','DD-MON-RR'),2);
INSERT INTO TBL_HISTORIAL_BUSQUEDA (CODIGO_HOTEL,CODIGO_CIUDAD,CODIGO_USUARIO,FECHA,ID_BUSQUEDA) values (3,null,8,to_date('08-NOV-17','DD-MON-RR'),3);
INSERT INTO TBL_HISTORIAL_BUSQUEDA (CODIGO_HOTEL,CODIGO_CIUDAD,CODIGO_USUARIO,FECHA,ID_BUSQUEDA) values (1,null,5,to_date('08-NOV-17','DD-MON-RR'),4);

--TBL_HABITACION
INSERT INTO TBL_HABITACION (CODIGO_HABITACION,CODIGO_TIPO_HABITACION,CODIGO_CAPACIDAD_HABITACION,NUMERO_HABITACION,CANTIDAD_DISPONIBLES,CANTIDAD_RESERVADAS) values (1,1,1,22,4,5);
INSERT INTO TBL_HABITACION (CODIGO_HABITACION,CODIGO_TIPO_HABITACION,CODIGO_CAPACIDAD_HABITACION,NUMERO_HABITACION,CANTIDAD_DISPONIBLES,CANTIDAD_RESERVADAS) values (2,2,2,22,4,5);
INSERT INTO TBL_HABITACION (CODIGO_HABITACION,CODIGO_TIPO_HABITACION,CODIGO_CAPACIDAD_HABITACION,NUMERO_HABITACION,CANTIDAD_DISPONIBLES,CANTIDAD_RESERVADAS) values (3,3,1,22,4,5);
INSERT INTO TBL_HABITACION (CODIGO_HABITACION,CODIGO_TIPO_HABITACION,CODIGO_CAPACIDAD_HABITACION,NUMERO_HABITACION,CANTIDAD_DISPONIBLES,CANTIDAD_RESERVADAS) values (4,2,4,22,4,5);

--TBL_HABITACIONxHOTEL
INSERT INTO TBL_HABITACION_X_HOTEL (CODIGO_HOTEL,CODIGO_HABITACION,PRECIO_HABITACION) values (1,1,15);
INSERT INTO TBL_HABITACION_X_HOTEL (CODIGO_HOTEL,CODIGO_HABITACION,PRECIO_HABITACION) values (1,2,14);
INSERT INTO TBL_HABITACION_X_HOTEL (CODIGO_HOTEL,CODIGO_HABITACION,PRECIO_HABITACION) values (1,3,10);
INSERT INTO TBL_HABITACION_X_HOTEL (CODIGO_HOTEL,CODIGO_HABITACION,PRECIO_HABITACION) values (2,4,20);

--TBL_RESERVACIONES
INSERT INTO TBL_RESERVACIONES (CODIGO_RESERVACION,CODIGO_HOTEL,CODIGO_HABITACION,CODIGO_USUARIO,CODIGO_ESTADO_RESERVACION,FECHA_ENTRADA,FECHA_SALIDA,NUMERO_ADULTOS,"NUMERO_NIÑOS") values (1,2,1,1,1,to_date('10-NOV-17','DD-MON-RR'),to_date('17-NOV-17','DD-MON-RR'),2,3);
INSERT INTO TBL_RESERVACIONES (CODIGO_RESERVACION,CODIGO_HOTEL,CODIGO_HABITACION,CODIGO_USUARIO,CODIGO_ESTADO_RESERVACION,FECHA_ENTRADA,FECHA_SALIDA,NUMERO_ADULTOS,"NUMERO_NIÑOS") values (2,2,2,4,1,to_date('10-NOV-17','DD-MON-RR'),to_date('20-NOV-17','DD-MON-RR'),4,5);
INSERT INTO TBL_RESERVACIONES (CODIGO_RESERVACION,CODIGO_HOTEL,CODIGO_HABITACION,CODIGO_USUARIO,CODIGO_ESTADO_RESERVACION,FECHA_ENTRADA,FECHA_SALIDA,NUMERO_ADULTOS,"NUMERO_NIÑOS") values (3,2,3,5,1,to_date('10-NOV-17','DD-MON-RR'),to_date('28-NOV-17','DD-MON-RR'),3,4);

--TBL_TEMPORADAxHOTEL
INSERT INTO TBL_TEMPORADA_X_HOTEL (CODIGO_HOTEL,CODIGO_TEMPORADA,PORCENTAJE_CAMBIO) values (1,1,1);
INSERT INTO TBL_TEMPORADA_X_HOTEL (CODIGO_HOTEL,CODIGO_TEMPORADA,PORCENTAJE_CAMBIO) values (1,2,0.85);
INSERT INTO TBL_TEMPORADA_X_HOTEL (CODIGO_HOTEL,CODIGO_TEMPORADA,PORCENTAJE_CAMBIO) values (1,3,0.60);

--TBL_OPINIONES
INSERT INTO TBL_OPINIONES (CODIGO_USUARIO,CODIGO_HOTEL,CODIGO_CATEGORIA,PUNTAJE) values (1,1,1,10);
INSERT INTO TBL_OPINIONES (CODIGO_USUARIO,CODIGO_HOTEL,CODIGO_CATEGORIA,PUNTAJE) values (1,1,3,8);
INSERT INTO TBL_OPINIONES (CODIGO_USUARIO,CODIGO_HOTEL,CODIGO_CATEGORIA,PUNTAJE) values (1,1,4,7);
INSERT INTO TBL_OPINIONES (CODIGO_USUARIO,CODIGO_HOTEL,CODIGO_CATEGORIA,PUNTAJE) values (1,1,5,4);
INSERT INTO TBL_OPINIONES (CODIGO_USUARIO,CODIGO_HOTEL,CODIGO_CATEGORIA,PUNTAJE) values (1,1,2,1);

--TBL_HOTELES_FAVORITOS
INSERT INTO TBL_HOTELES_FAVORITOS (CODIGO_USUARIO,CODIGO_HOTEL,COMENTARIO) values (1,1,'EXCELENTE ATENCION');
INSERT INTO TBL_HOTELES_FAVORITOS (CODIGO_USUARIO,CODIGO_HOTEL,COMENTARIO) values (2,21,'TODO CORRECTO, EXCEPTO EL WI-FI');
INSERT INTO TBL_HOTELES_FAVORITOS (CODIGO_USUARIO,CODIGO_HOTEL,COMENTARIO) values (3,35,'UNA BARBARIDAD LO DESATENTOS QUE SON');

--TBL_COMENTARIOS
INSERT INTO TBL_COMENTARIO (CODIGO_USUARIO,CODIGO_HOTEL,CODIGO_COMENTARIO,COMENTARIO,FECHA) values (1,5,1,'MUY BONITA VISTA',TO_DATE('14-03-1997','DD-MM-YYYY'));
INSERT INTO TBL_COMENTARIO (CODIGO_USUARIO,CODIGO_HOTEL,CODIGO_COMENTARIO,COMENTARIO,FECHA) values (4,5,2,'EL LOCAL ES IDEAL PARA LOS SERVICIOS QUE OFRECE',TO_DATE('10-03-1997','DD-MM-YYYY'));
INSERT INTO TBL_COMENTARIO (CODIGO_USUARIO,CODIGO_HOTEL,CODIGO_COMENTARIO,COMENTARIO,FECHA) values (3,5,3,'LA COMIDA DEBERIA SER UN POCO MAS BARATA',TO_DATE('20-03-1997','DD-MM-YYYY'));
INSERT INTO TBL_COMENTARIO (CODIGO_USUARIO,CODIGO_HOTEL,CODIGO_COMENTARIO,COMENTARIO,FECHA) values (5,5,4,'BUENISIMAS INSTALACIONES',TO_DATE('03-03-1997','DD-MM-YYYY'));


--select * from TBL_HISTORIAL_BUSQUEDA


